{"cameraMode":{"drawMode":0,"name":"Shaded","section":"Shading Mode"},"sceneLighting":true,"audioPlay":false,"sceneViewState":{"m_AlwaysRefresh":false,"showFog":true,"showSkybox":true,"showFlares":true,"showImageEffects":true,"showParticleSystems":true,"showVisualEffectGraphs":true,"m_FxEnabled":true},"in2DMode":false,"pivot":{"x":5.330554485321045,"y":8.356040954589844,"z":-0.726898193359375},"rotation":{"x":-0.04893922060728073,"y":0.14660526812076569,"z":0.007290414534509182,"w":0.9879712462425232},"size":7.370805740356445,"orthographic":false}