{"cameraMode":{"drawMode":0,"name":"Shaded","section":"Shading Mode"},"sceneLighting":true,"audioPlay":false,"sceneViewState":{"m_AlwaysRefresh":false,"showFog":true,"showSkybox":true,"showFlares":true,"showImageEffects":true,"showParticleSystems":true,"showVisualEffectGraphs":true,"m_FxEnabled":true},"in2DMode":false,"pivot":{"x":-4.977642059326172,"y":16.6290340423584,"z":2.751131057739258},"rotation":{"x":-0.1479523777961731,"y":0.0050321901217103008,"z":-0.0007756983977742493,"w":-0.9889736175537109},"size":25.040470123291017,"orthographic":false}